﻿交易所,代码,公司,行业,归属于母公司普通股股东的加权ROE 2013-12-31 累计(%),归属于母公司普通股股东的加权ROE 2017-12-31 累计(%),归属于母公司普通股股东的加权ROE 2016-12-31 累计(%),归属于母公司普通股股东的加权ROE 2015-12-31 累计(%),归属于母公司普通股股东的加权ROE 2014-12-31 累计(%),PE-TTM(扣非) 2018-04-30 ,PB(不含商誉) 2018-04-30 ,资产负债率 2017-12-31 累计(%)
sh,="603895",天永智能,专用设备,149.11,23.78,31.84,40.13,51.92,77.59,5.82,57.8
sh,="600338",西藏珠峰,有色金属,137.33,71.24,66.21,22.62,26.31,19.49,10.96,47.33
sh,="603258",电魂网络,互联网软件与服务,119.64,10.46,37.06,54.6,75.7,37.04,3.65,15.48
sz,="002928",华夏航空,航空运输,103.57,38.5,55.56,68.56,63.34,37.71,6.84,79.03
sh,="603387",基蛋生物,生物科技,101.91,28.7,43.15,49.9,63.25,50.13,8.01,9.39
sh,="603444",吉比特,计算机软件,101.85,29.58,78.9,43.74,67.72,19.53,4.31,21.86
sh,="603156",养元饮品,饮料,101.74,38.77,46.73,57.77,62.51,19.92,3.89,34.43
sz,="002845",同兴达,电子元器件,92.75,17.52,23.49,21.2,27.38,49.84,4.62,68.15
sz,="300620",光库科技,通信设备,89.46,15.3,28.79,25.05,51.77,69.27,7.24,15.23
sz,="300590",移为通信,通信设备,85.33,13.79,57.19,69.68,88.75,66.39,6.01,12.71
sz,="300685",艾德生物,化学制剂,77.98,20.54,24.43,10.55,35.17,113,14.28,6.57
sz,="300558",贝达药业,化学制剂,76.99,12.98,32.88,48.72,62.66,145.2,16.48,25.48
sh,="603283",赛腾股份,专用设备,72.84,27.4,16.35,60.09,140.81,36.01,6.87,37.32
sh,="603801",志邦家居,耐用家居用品,63.67,20.01,30.49,28.25,47.47,42.1,5.94,35.14
sh,="603229",奥翔药业,化学原料药,63.35,12.43,26.45,40.72,45.15,56.29,5.08,23.82
sh,="603377",东方时尚,其他消费者服务,62.95,14.03,16.98,47.86,60.32,71.28,9.2,30.59
sz,="002841",视源股份,电子元器件,62.22,31.46,74.94,54.65,52.11,49.32,13.19,49.08
sh,="603516",淳中科技,电子设备及服务,61.91,35.01,42.86,49.26,46.94,50.35,7.22,11.89
sz,="300613",富瀚微,电子元器件,61.88,13.36,52.71,28.79,46.85,90.14,7.64,12.15
sh,="603421",鼎信通讯,通信设备,59.81,15.1,22.8,28.83,54.99,40.58,4.85,21.88
sz,="300559",佳发教育,计算机软件,59.37,11.98,19.45,26.66,39.84,55.61,6.65,10.14
sh,="603160",汇顶科技,电子元器件,58.38,28.79,47.13,35.52,51.23,61.13,12.32,21.1
sz,="000921",海信家电,家用电器,58.16,35.12,24.23,15.49,21.65,13.88,2.14,67.62
sz,="002925",盈趣科技,电子设备及服务,57.29,80.97,72.25,50.88,64.07,31.12,8.55,34.54
sz,="002901",大博医疗,医疗保健设备与用品,56.63,37.76,41.87,54.42,47.8,61.04,13.25,10.79
sz,="002853",皮阿诺,耐用家居用品,56.14,12.81,25.75,24.7,41.54,42.15,4.38,29.18
sz,="300681",英搏尔,电气部件与设备,55.74,27.17,27.91,90.96,128.97,53,6.35,29.05
sz,="300703",创源文化,休闲设备与用品,54.76,21.06,48.8,31.64,28.95,84.8,3.9,27.76
sh,="603303",得邦照明,家用电器,54.25,15.47,28.55,39.97,54.82,33.94,1.86,31.95
sh,="603868",飞科电器,家用电器,53.99,38.42,34.3,55.23,53.35,28.7,8.43,25.97
sz,="300656",民德电子,电子设备及服务,53.71,13.03,32.32,59.56,45.02,79.88,6.65,4.77
sh,="603816",顾家家居,耐用家居用品,52.41,22.26,37.25,49.88,49.43,42.79,6.53,38.63
sz,="300679",电连技术,电子元器件,51.67,18.98,41.63,37.34,50.28,28.86,2.83,8.23
sh,="603881",数据港,信息技术服务,51.66,14.18,20.78,23.95,27.78,77.11,9.39,47
sz,="300628",亿联网络,通信设备,51.13,26.67,71.36,74.51,59.41,37.25,7.01,4.92
sz,="300607",拓斯达,专用设备,50.95,21.21,24.15,22.93,30.51,62.58,10.69,34.12
sz,="300484",蓝海华腾,电气部件与设备,50.41,19.57,32.02,31.97,30.48,39.19,4.48,36.99
sz,="300707",威唐工业,专用设备,50.24,24.1,24.86,27.19,34.85,48.19,7.79,24.75
sz,="002880",卫光生物,生物科技,49.53,18.54,34.3,35.92,37.74,38.74,4.3,12.48
sz,="002745",木林森,光电子器件,49.47,12.06,11.64,10.98,34.65,51.76,3.39,68.64
sz,="300561",汇金科技,计算机软件,49.31,12.37,27.99,34.38,38.59,77.87,5.28,11.23
sh,="603848",好太太,耐用家居用品,49.07,27.95,28.42,34.01,41.47,45.59,7.58,20.32
sh,="603098",森特股份,建筑产品,48.1,12.36,20.66,19.63,35.23,34.04,3.77,39.6
sz,="300418",昆仑万维,计算机软件,47.53,16.39,18.31,16.67,35.8,25.2,4.22,26.52
sz,="002898",赛隆药业,化学制剂,47.53,17.84,25.65,36.79,22.82,58.9,5.77,13.49
sz,="300567",精测电子,电子设备及服务,47.47,21.08,33.71,37.57,34.74,75.95,15.23,32.19
sh,="600988",赤峰黄金,有色金属,47.23,10.51,13.94,15.63,32.24,26.98,4.05,41.51
sh,="603380",易德龙,电子设备及服务,47.02,21.12,42.53,45.67,65.02,33.58,4.73,25.97
sz,="300738",奥飞数据,互联网软件与服务,46.87,26.58,35.4,105.01,48.69,69.5,7.33,32.59
sz,="300648",星云股份,电子设备及服务,46.82,15.35,25.66,20.91,23.83,67.76,6.91,20.32
sh,="603776",永安行,商业用品与服务,46.75,52,23.86,24.21,39.85,44.76,3.33,34.72
sh,="603429",集友股份,商业用品与服务,46.34,21.41,29.94,29.97,34.59,68.35,11.06,29.61
sh,="603378",亚士创能,建筑材料,46.31,14.13,22.98,28.21,32.3,39.65,3.14,37.58
sh,="603501",韦尔股份,半导体,46.27,13.39,19.53,19.86,24.52,141.23,15.46,57.85
sh,="603233",大参林,药品流通,46.23,24.28,37.96,51.71,54.33,52.34,9.6,51.87
sh,="603277",银都股份,通用机械,46.21,27.15,46.45,40.64,45.32,32.79,3.55,16.91
sh,="603326",我乐家居,耐用家居用品,46.08,16.03,25.32,26.8,32.78,35.82,3.58,35.43
sh,="603676",卫信康,化学制剂,46.06,16.02,25.01,32.93,38.72,107.1,8.38,15.6
sz,="000049",德赛电池,电子设备及服务,45.62,23.63,24.6,27.75,37.05,21.88,4.35,76.18
sz,="002908",德生科技,信息技术服务,45.51,13.8,14.16,32.81,45.97,82.44,7.36,19.73
sz,="300625",三雄极光,家用电器,45.31,14.09,36.64,29.81,39.17,31.11,2.92,19.81
sh,="603288",海天味业,食品,45,31.12,32,32,33,46.65,15.75,27.99
sh,="603228",景旺电子,电子元器件,44.8,21.5,34.39,36.46,36.78,30.43,5.85,31.42
sh,="603595",东尼电子,电子元器件,44.77,37.32,28.83,40.52,53.03,46.2,12.81,41.06
sh,="603157",拉夏贝尔,服装与配饰,44.68,13.59,15.46,19.56,30.79,22.09,2.17,48.31
sz,="300508",维宏股份,计算机软件,44.3,16.99,12.64,30.29,43.65,106.61,6.82,8.42
sh,="600340",华夏幸福,住宅地产开发和管理,44.3,31.4,29.54,42.07,42.83,10.38,3.12,81.1
sz,="300731",科创新源,非金属材料与制品,44.28,28.53,31.46,29.98,64.17,48.69,5.49,9.85
sz,="300624",万兴科技,计算机软件,44.16,27.71,29.87,28,32.46,124.76,15.36,21.13
sz,="000603",盛达资源,有色金属,43.91,10.65,11.8,31.3,40.69,24.78,3.1,17.6
sz,="002749",国光股份,农用化工,43.23,22.1,16.24,19.02,34.38,28.8,6.09,13.12
sz,="002833",弘亚数控,专用设备,43.05,28.67,42.52,30.03,51.23,34.15,7.3,15.92
sz,="300519",新光药业,中药,42.92,15.71,25.05,44.38,47.33,33.47,4.57,8.93
sz,="300693",盛弘股份,电气部件与设备,42.68,12.61,29.5,32.95,38.45,94.48,4.8,27.06
sh,="603658",安图生物,生物科技,42.35,27.68,32.22,46.36,49.97,60.99,16.99,22.76
sh,="600566",济川药业,中药,42.35,31.78,29.95,28.57,26.2,30.32,8.91,33.93
sz,="002837",英维克,专用设备,42.27,13.5,28.56,37.34,33.64,59.95,5.67,46.05
sz,="300393",中来股份,电子元器件,41.73,23.74,18.51,13.78,27.96,46.95,3.24,57.19
sh,="603458",勘设股份,商业用品与服务,41.58,26.52,21.43,16.56,27.83,21.5,3.41,43.46
sz,="300432",富临精工,汽车零配件与设备,41.31,10.36,23.73,23.33,41.08,21.09,2.48,26.79
sz,="300616",尚品宅配,耐用家居用品,41.31,18,35.2,25.79,32.03,70.18,8.62,42.63
sh,="603043",广州酒家,食品,40.93,26.35,30.66,30.46,35.65,22.25,4.32,19.35
sz,="300439",美康生物,生物科技,40.7,13.84,13.04,16.63,38.79,41.3,5.5,44.03
sz,="300571",平治信息,电信增值服务,40.6,33.11,35.17,25.62,26.22,55.62,19.74,50.06
sz,="300605",恒锋信息,信息技术服务,40.55,10.52,17.7,20,23.34,59.99,5.38,31.72
sz,="300446",乐凯新材,化学制品,40.44,19.77,23.54,28.49,36.32,25.69,4.21,7.8
sz,="002899",英派斯,休闲设备与用品,40.39,14.3,21.42,23.78,34.04,48.97,3.4,22.08
sz,="300406",九强生物,生物科技,39.98,19.06,21.42,22.89,33.35,33.25,7.19,13.98
sh,="603080",新疆火炬,燃气公用事业,39.91,17.56,30.8,42.01,50.76,54.3,9.48,14.18
sh,="600519",贵州茅台,饮料,39.43,32.95,24.44,26.23,31.96,30.57,9.1,28.67
sh,="603669",灵康药业,化学制剂,39.1,13.07,13.55,19.45,35.18,44.72,3.93,21.34
sz,="300389",艾比森,光电子器件,38.99,10.51,16.56,15.07,31.17,57.38,5.32,41.77
sz,="300529",健帆生物,医疗保健设备与用品,38.88,22.21,24.08,39.58,41.35,70.43,12.87,18.26
sz,="002790",瑞尔特,耐用家居用品,38.82,11.45,15.51,28.44,32.79,26.62,2.56,9.82
sh,="603337",杰克股份,专用设备,38.79,16.84,24.14,22.49,32.2,40.81,5.99,40.7
sz,="300566",激智科技,光电子器件,38.75,10.13,19.67,25.03,29.55,92.81,5.36,58.71
sz,="300495",美尚生态,建筑与工程,38.72,10.38,17.09,23.27,29.43,28.99,4.13,58.11
sz,="002832",比音勒芬,服装与配饰,38.59,13.24,22.35,26.46,30.7,35.78,4.62,16.69
sz,="300360",炬华科技,电气部件与设备,38.57,11.19,21.63,24.58,28.62,27.02,1.83,19.4
sh,="600933",爱柯迪,汽车零配件与设备,38.35,22.06,29.96,31.08,32.23,25.52,3.16,19.89
sh,="603488",展鹏科技,电气部件与设备,38.19,11.45,19.28,23.83,28.52,65.49,4.52,9.73
sz,="300549",优德精密,汽车零配件与设备,38.17,16.18,21.04,24.5,29.21,34.93,4.61,34.65
sh,="603908",牧高笛,服装与配饰,38.11,13.37,26,34.66,25.72,52.7,4.47,29.8
sh,="603926",铁流股份,汽车零配件与设备,38.04,12.41,24.65,24.88,33.25,27.46,2.55,18.02
sz,="300485",赛升药业,化学制剂,38.02,12.79,13.04,16.75,36.15,29.75,3.48,5.46
sz,="300463",迈克生物,生物科技,37.64,15.59,14.68,17.18,32.55,39.02,6.15,27.07
sh,="603980",吉华集团,化学制品,37.63,13.22,19.11,40.97,82.05,23.17,2.2,13.67
sh,="603025",大豪科技,电脑与外围设备,37.61,24.94,16.19,14.75,26.44,35.96,7.44,9.3
sz,="300669",沪宁股份,重型电气设备,37.51,11.79,21.83,19.11,34.28,62,4.41,8.93
sh,="600816",安信信托,投资信托,37.4,25.23,41.15,42.73,76.89,14.86,3.57,35.56
sh,="603826",坤彩科技,非金属材料与制品,37.23,12.91,23.85,27.85,30.09,46.44,4.62,7.9
sh,="603833",欧派家居,耐用家居用品,37.15,25.75,39.45,28.44,28.12,47.74,9.1,35.62
sz,="300687",赛意信息,信息技术服务,36.99,22.62,36.47,36.18,35.48,48.87,5.49,13.78
sh,="603416",信捷电气,电气部件与设备,36.86,14.1,26.9,27.53,32.86,39.49,4.58,17.42
sh,="603076",乐惠国际,专用设备,36.86,15.43,22.77,37.93,37.87,43.83,3.21,49.46
sh,="603656",泰禾光电,专用设备,36.81,12.53,23.94,26.69,33.67,42.07,3.8,12.29
sz,="002875",安奈儿,服装与配饰,36.8,11.38,24.35,27.54,41.56,54.12,3.76,26.99
sh,="603357",设计总院,建筑与工程,36.77,23.59,28.26,24.1,32.13,22.47,3.55,32.63
sz,="002892",科力尔,电气部件与设备,36.61,18.24,31.59,34.25,35.6,55.85,4.6,16
sz,="000848",承德露露,饮料,36.53,21.52,24.83,31.16,38.13,20.59,5.28,27.69
sz,="300683",海特生物,生物科技,36.24,13.77,23.62,14.91,28.96,42.46,2.95,13.92
sz,="300589",江龙船艇,专用设备,36.07,18.71,24.34,27.85,34.58,130.05,8.71,55.11
sz,="300382",斯莱克,专用设备,35.97,12.98,14.47,15.56,15.18,32.41,4.07,22.1
sh,="603203",快克股份,专用设备,35.88,19.62,37.36,33.04,35.34,37.55,6.66,18.86
sz,="002718",友邦吊顶,建筑产品,35.83,12.04,15.73,21.11,22.24,33.56,3.21,20.18
sz,="000651",格力电器,家用电器,35.77,37.44,30.41,27.31,35.23,12.2,3.74,68.91
sz,="002826",易明医药,中药,35.72,10.46,18.64,24.51,26.52,56.77,5.07,17.56
sh,="603515",欧普照明,家用电器,35.55,20.22,21.64,26.36,19.35,46.39,7.39,42.37
sz,="002707",众信旅游,酒店餐饮与休闲,35.4,12.06,12.1,14.87,22.93,39.55,7.12,52.13
sh,="603032",德新交运,陆运,35.36,13.29,21.53,20.07,29.96,160.09,6.43,11.4
sh,="603899",晨光文具,商业用品与服务,35.27,24.45,21.81,21.44,31.83,46.97,8.8,33.6
sh,="603338",浙江鼎力,专用设备,35.17,22.14,17.48,16.78,28.62,40.76,5.02,20.73
sz,="300650",太龙照明,家用电器,35.17,13.57,20.31,24.16,25.17,45.62,4.72,26.61
sz,="002737",葵花药业,中药,35.14,15.03,11.86,13.12,34.48,32.35,4.82,29.27
sz,="002236",大华股份,电子设备及服务,35.09,25.47,24.8,23.59,24.44,27.8,6.11,50.34
sh,="603196",日播时尚,服装与配饰,34.98,11.32,16.49,17.47,20.6,32.49,2.62,17.89
sh,="603266",天龙股份,汽车零配件与设备,34.91,10.45,20.7,21.18,26.07,41.55,3.41,20.27
sz,="002827",高争民爆,化学制品,34.8,14.42,30.84,21.79,26.12,32.71,3.96,7.7
sz,="002877",智能自控,通用机械,34.79,10.14,15.27,16.12,23.71,81.3,6.6,28.95
sh,="601595",上海电影,传媒,34.75,12.87,19.62,28.86,30.44,41.56,3.12,28.43
sh,="603677",奇精机械,电气部件与设备,34.65,12.02,21.16,22.09,21.39,36.16,3.88,36.3
sz,="002870",香山股份,电子设备及服务,34.6,24.47,30.88,32.06,29.85,59.69,3.96,17.63
sh,="603368",柳药股份,药品流通,34.33,12.04,11.49,16.81,28.47,21.92,2.62,52.76
sz,="300470",日机密封,通用机械,34.13,12.79,11.51,14.32,29.17,37.51,5.07,18.07
sh,="603369",今世缘,饮料,34.08,18.11,17.6,18.16,22.54,20.94,3.63,26.92
sh,="603626",科森科技,有色金属,34.08,15.18,36.9,62.28,21.12,29.84,3.76,48.91
sz,="300408",三环集团,电子元器件,33.97,19.58,22.41,22.11,30.57,37.7,6.72,20.16
sz,="300719",安达维尔,航天航空,33.95,18.57,27.04,22.11,19.67,54.87,4.69,13.61
sz,="002852",道道全,食品,33.88,12.01,37.2,48.4,58.03,34.05,2.47,27.41
sz,="000688",国城矿业,有色金属,33.81,21.04,14.47,21.4,27.86,25.08,5.12,7.79
sz,="300474",景嘉微,电子设备及服务,33.6,12.47,14.3,25.45,31.14,138.9,15.33,14.01
sh,="603709",中源家居,耐用家居用品,33.48,51.63,69.28,83.73,70.04,35.17,4.5,62.82
sh,="603990",麦迪科技,计算机软件,33.46,12.39,21.6,23.31,30.65,73.2,7.47,30.76
sz,="300660",江苏雷利,电气部件与设备,33.42,15.42,38.6,27.99,32.19,36.07,3.07,30.47
sh,="601633",长城汽车,汽车,33.41,10.48,24.73,22.47,26.35,21.69,1.95,55.44
sh,="603806",福斯特,光电子器件,33.32,12.03,18.81,16.1,17.7,25.77,2.79,11.83
sh,="603788",宁波高发,汽车零配件与设备,33.28,19.52,20.72,17.4,32,27.67,3.53,17.71
sz,="002893",华通热力,复合型公用事业,33.1,11,15.78,18.93,21.65,132.73,4.61,64.11
sz,="002836",新宏泽,商业用品与服务,33.07,11.69,19.83,14.96,21.22,69.78,6.14,18.82
sz,="300579",数字认证,互联网软件与服务,32.97,16.29,25.65,25.17,28.15,57.76,7.47,41.44
sh,="600690",海尔智家,家用电器,32.84,23.59,20.41,16.22,27.58,17.64,7.29,69.13
sz,="300684",中石科技,非金属材料与制品,32.82,22.24,11.66,11.37,26.06,59.37,10.77,33.41
sz,="300737",科顺股份,建筑材料,32.61,16.15,31.47,37.41,35.96,38.86,2.96,43.31
sz,="300357",我武生物,化学制剂,32.57,25.55,21.02,21.98,21.63,58.43,14.02,5.55
sz,="300367",东方网力,电子设备及服务,32.4,11.32,15.08,25.6,19.74,35.54,4.71,41.05
sz,="002081",金螳螂,建筑与工程,32.36,17.88,18.11,20.29,29.52,16.49,2.76,58.31
sz,="300697",电工合金,有色金属,32.32,12.06,16.49,20.13,27.85,58.44,4.72,35.65
sh,="603138",海量数据,信息技术服务,32.3,17.23,29.37,31.59,35,99.97,11.99,37.42
sh,="603556",海兴电力,电气部件与设备,32.26,12.64,26.21,29.52,29.5,23.52,2.19,27.45
sh,="603960",克来机电,专用设备,32.15,12.97,16.56,16.74,18.04,78.74,8.28,30.63
sh,="603839",安正时尚,服装与配饰,32.1,11.95,19.72,23.17,24.98,27.26,2.39,18.4
sz,="300700",岱勒新材,非金属材料与制品,31.97,32.98,18.22,16.9,23.46,36.9,9.23,46.32
sh,="603866",桃李面包,食品,31.96,22.36,22.42,30.33,28.19,48.17,7.95,10.51
sz,="300701",森霸传感,光电子器件,31.51,25.3,30.46,26.08,25.91,56.47,7.37,4.65
sz,="002304",洋河股份,饮料,31.44,24.08,24.01,25.37,24.53,24.82,5.17,31.82
sh,="603363",傲农生物,农牧渔产品,31.35,18.52,21.39,13.24,32.49,74.82,9.43,61.96
sh,="603060",国检集团,商业用品与服务,31.34,14.79,25.49,27.45,27.46,37.51,4.49,18.11
sh,="603997",继峰股份,汽车零配件与设备,31.24,18.11,17.51,15.11,28.23,26.67,4.33,19.69
sh,="600180",瑞茂通,物流,31.24,14.35,12.09,13.6,25.71,13.16,2.08,75.26
sz,="300619",金银河,专用设备,31.23,12.88,23.19,15.16,19.57,71.11,6.27,48.03
sz,="300429",强力新材,化学制品,31.21,12.52,15.27,17.29,29.6,59.18,8.67,12.97
sh,="603023",威帝股份,电子设备及服务,31.18,12.57,18.38,24.48,41.09,36.5,4.38,8.89
sh,="603639",海利尔,农用化工,31.15,20.1,23.87,26.19,34.43,17.62,3.08,29.63
sh,="601877",正泰电器,电气部件与设备,31.11,15.35,20.62,26.37,32.17,20.97,2.97,53.41
sh,="603717",天域生态,建筑与工程,31.11,11.14,20.14,22.24,29.7,31.42,2.78,46.01
sh,="603896",寿仙谷,中药,31.01,13.09,20.27,18.38,22.93,79.12,7.54,6.11
sh,="601949",中国出版,传媒,30.98,10.98,14.39,18.62,16.15,26.64,1.98,39.22
sz,="002415",海康威视,电子设备及服务,30.92,34.96,34.56,35.28,36.27,37.22,11.11,40.66
sz,="300371",汇中股份,电子设备及服务,30.91,11.39,10.03,13.84,18.16,32.01,4.05,7.93
sh,="601019",山东出版,传媒,30.91,23.51,22.14,23.14,27.77,16.36,2.37,34.94
sz,="300633",开立医疗,医疗保健设备与用品,30.88,20.26,20.52,21.24,31.52,87.29,15.51,20.66
sh,="603188",ST亚邦,化学制品,30.76,14.03,19.99,23.13,43.52,15.59,2.33,16.14
sh,="603708",家家悦,食品与主要用品零售,30.63,13.07,23.16,25.39,26.56,29.3,4.02,60.42
sz,="002146",荣盛发展,住宅地产开发和管理,30.51,22.44,18.74,16.49,26.08,8.48,1.59,84.68
sz,="300545",联得装备,电子元器件,30.5,11.63,13.23,25.94,30.1,81.49,8.48,50.97
sh,="603039",泛微网络,计算机软件,30.48,16.44,24.86,24.64,27.29,101.8,11.45,52.48
sz,="300720",海川智能,通用机械,30.48,15.23,17.95,17.01,18.84,58.56,5,7.7
sz,="000895",双汇发展,食品,30.44,31.4,28.33,27.24,28.6,19.64,6.84,33.01
sh,="603607",京华激光,纸类与林业产品,30.23,21.22,25.94,26.54,29.21,42.84,4.74,16.86
sh,="601952",苏垦农发,农牧渔产品,30.23,13.87,21.47,23.71,27.61,24.04,2.26,20.16
sh,="603823",百合花,化学制品,30.04,10.92,20.92,23.3,25.65,29.82,2.57,31.56
sz,="300543",朗科智能,电子设备及服务,30.02,12.73,19.92,27.94,29.73,65.73,5.72,40.63
sh,="601021",春秋航空,航空运输,30.02,16,13.74,23.01,28.31,45.35,2.57,58.92
sz,="300661",圣邦股份,半导体,29.93,17.25,34.5,35.37,35.36,79.92,9.5,19.13
sz,="002847",盐津铺子,食品,29.84,11.96,30.4,30.26,29.48,119.45,4.95,38.09
sz,="002653",海思科,化学制剂,29.8,11.2,21.26,17.3,22.6,245.64,6.82,52.05
sz,="300506",名家汇,建筑与工程,29.79,26.06,20.53,19.89,23.68,32.69,8.04,54.35
sz,="300373",扬杰科技,半导体,29.74,12.5,15.99,17.68,17.25,59.88,6.11,30.88
sz,="300448",浩云科技,电子设备及服务,29.74,12.77,13.97,14.44,26.22,38.2,4.48,13.64
sz,="300554",三超新材,非金属材料与制品,29.64,22.5,18.43,19.43,24.93,38.78,9.37,16.51
sz,="002294",信立泰,化学制剂,29.49,25.94,28.68,30.82,30.75,29.82,6.66,10.28
sh,="601515",东风股份,商业用品与服务,29.36,17.5,16.07,22.44,26.77,14.85,2.66,28.88
sh,="600406",国电南瑞,重型电气设备,29.35,16.38,17.23,17.09,19.4,69.07,3.12,54.01
sz,="300512",中亚股份,通用机械,29.34,13.55,16.46,28.79,30.84,32.44,3.54,33.3
sz,="300514",友讯达,电子设备及服务,29.34,18.45,20.08,18.31,35.78,55.37,7.35,37.29
sh,="603959",百利科技,建筑与工程,29.26,11.92,15.34,17.68,20.16,54.85,8,57.07
sh,="603286",日盈电子,汽车零配件与设备,29.26,10.06,13.38,13.11,22.25,76.92,5.06,25.8
sz,="002869",金溢科技,电子设备及服务,29.22,11.6,31.96,45.14,27.86,85.86,3.19,26.2
sh,="603858",步长制药,中药,29.2,12.81,21.21,63.78,31.07,22.49,4.46,31.14
sz,="300415",伊之密,专用设备,29.16,28.95,13.66,10.06,22.2,20.49,4.45,53.71
sz,="300507",苏奥传感,汽车零配件与设备,29.06,12.25,15.53,26.07,29.74,38.4,3.79,14.91
sz,="000538",云南白药,中药,28.94,18.55,20.03,22.43,24.86,35.48,5.47,34.51
sh,="601966",玲珑轮胎,汽车零配件与设备,28.89,12.57,16.34,15.25,19.99,19.59,2.18,55.09
sh,="603586",金麒麟,汽车零配件与设备,28.85,10.25,22.97,21.11,21.81,27.98,2.06,24.8
sh,="600612",老凤祥,服装与配饰,28.71,21.13,21.83,26.09,25.56,17.86,3.55,49.99
sh,="900905",老凤祥B,,28.71,21.13,21.83,26.09,25.56,11.33,1.98,49.99
sz,="300365",恒华科技,计算机软件,28.65,22.06,18.69,13.75,15.91,41,5.27,22.99
sz,="300604",长川科技,专用设备,28.63,14.66,20.38,18.63,46.88,130.34,12.42,22.28
sh,="603158",腾龙股份,汽车零配件与设备,28.57,14,14.33,14.36,29.26,33.06,4.35,31.02
sh,="603567",珍宝岛,中药,28.53,11.61,12.27,18.01,24.01,24.73,2.49,32.05
sz,="300457",赢合科技,专用设备,28.44,16.08,21.72,15,22.21,43.58,3.73,60.26
sz,="002713",东易日盛,建筑与工程,28.38,21.05,17.46,10.52,14.17,30.48,9.35,59.29
sh,="603355",莱克电气,家用电器,28.23,11.77,18.13,17.32,25.72,41.85,3.39,37.28
sh,="603679",华体科技,电气部件与设备,28.23,13.6,19.79,20.73,20.39,50.88,4.59,29.97
sh,="603686",龙马环卫,专用设备,28.21,19.91,18.87,15.91,30.53,25.43,3,41.53
sh,="600535",天士力,中药,28.05,15.24,15.24,22.82,31.94,35.27,5.44,58.32
sh,="603111",康尼机电,专用设备,28.04,20,20.76,17.96,23.51,35.09,4.06,45.72
sz,="002900",哈三联,化学制剂,27.97,16.78,22.69,24.44,29.1,39.92,3.58,15.97
sz,="300426",唐德影视,传媒,27.9,17.2,18.85,14.98,28.27,37.51,6.02,62.22
sh,="603600",永艺股份,耐用家居用品,27.89,15.82,20.61,18.34,22.46,41.62,2.66,39.18
sz,="002771",真视通,信息技术服务,27.85,11.23,12.24,14.96,18.59,50.85,4.72,44.13
sz,="300482",万孚生物,生物科技,27.83,22.57,18.79,24.4,33.84,88.39,16.68,29.79
sh,="603648",畅联股份,物流,27.82,13.61,16.27,20,24.94,54.15,4.48,15.57
sz,="002881",美格智能,电子元器件,27.77,15.61,22.81,19.75,20.46,71.35,7.23,39.51
sh,="603879",永悦科技,化学制品,27.76,11.26,19.49,19.25,24.9,56.2,3.99,9.47
sh,="603059",倍加洁,个人用品,27.75,28.84,30.89,28.18,33.9,40.83,4.33,40.92
sz,="002923",润都股份,化学制剂,27.72,20.44,24.68,25.35,23.71,50.33,5.09,30.76
sh,="603232",格尔软件,计算机软件,27.66,14.83,20.63,21.23,22.77,50.7,5.96,13.05
sh,="603159",上海亚虹,专用设备,27.63,11.64,15.14,20.02,13.1,50.92,5.4,28.15
sh,="603737",三棵树,化学制品,27.61,16.72,16.7,23.2,24.3,46.45,6.22,46.44
sz,="002022",科华生物,生物科技,27.54,11.33,13.2,13.89,24.74,34.41,4.37,23.44
sz,="300736",百邦科技,通信设备,27.43,20.45,26.28,25.44,21.42,69.24,5.97,26.12
sz,="002310",东方园林,建筑与工程,27.35,21.29,18.13,10.1,11.96,22,5.56,67.62
sh,="600684",珠江实业,住宅地产开发和管理,27.33,13.16,13.71,13.14,13.78,21.36,1.66,71.64
sh,="603517",绝味食品,食品,27.17,22.85,28.91,28.43,27.04,31.6,6.1,19.26
sh,="603081",大丰实业,专用设备,27.16,18.09,25.52,23.91,23.58,39.23,5.02,43.82
sz,="300636",同和药业,化学制剂,27.16,12.2,21.04,32.53,39.84,44.66,3.34,11.79
sz,="002831",裕同科技,容器与包装,27.08,20.15,35.48,35.27,40.39,24.52,3.73,44.11
sz,="002823",凯中精密,电气部件与设备,27.08,13.94,24.38,22.43,22.25,27.75,3.51,41.94
sz,="300652",雷迪克,汽车零配件与设备,26.99,15.28,27.74,32.57,30.51,30.6,3.18,26.84
sz,="300642",透景生命,生物科技,26.96,18.79,41.04,40.68,31.85,53.93,6.73,4.2
sh,="603386",广东骏亚,半导体,26.95,17.67,25.45,35.82,28.86,60.61,5.75,48.88
sh,="603040",新坐标,汽车零配件与设备,26.91,21.04,21.82,20.97,26.18,35.54,6.3,11.92
sz,="300403",汉宇集团,电气部件与设备,26.86,11.24,15.25,12.1,22.45,32.32,2.81,11
sh,="601689",拓普集团,汽车零配件与设备,26.8,14.42,18.67,15.28,26.32,19.67,2.13,39.52
sh,="603888",新华网,互联网软件与服务,26.68,11.1,19.78,28.83,24.91,67.44,4.1,26.38
sz,="300481",濮阳惠成,化学制品,26.63,15.38,14.72,17.42,14.77,49,5.31,18.5
sz,="300502",新易盛,通信设备,26.53,10.69,12.36,19.74,24,77.51,4.66,22.44
sz,="300667",必创科技,电子设备及服务,26.53,16.46,22.17,20.69,20.05,111.04,12.08,21.77
sz,="002887",绿茵生态,商业用品与服务,26.52,16.11,27.19,24.89,25.25,36.42,3.23,23.81
sh,="603063",禾望电气,电气部件与设备,26.52,12.74,20.41,33.42,31.95,39.48,2.47,15.31
sz,="002912",中新赛克,互联网软件与服务,26.52,20.09,18.41,20.33,26.44,62.35,7.54,30.49
sz,="000661",长春高新,生物科技,26.5,15.99,15.62,23.9,23.55,50.31,7.63,29.26
sh,="603989",艾华集团,电子元器件,26.36,16.32,15.22,16.52,26,40.2,5.83,19.77
sz,="000732",泰禾集团,住宅地产开发和管理,26.23,11.19,11.96,20.63,22.56,19.76,1.97,87.83
sh,="603757",大元泵业,通用机械,26.18,31.65,43.49,30.88,27.91,25.33,4.78,23.75
sz,="300712",永福股份,商业用品与服务,26.16,14.8,19.15,20.79,29.48,38.4,3.28,27.6
sz,="300621",维业股份,建筑与工程,26.14,11.53,13.11,11.74,17.64,27.5,3.36,61.76
sh,="600660",福耀玻璃,汽车零配件与设备,26.1,17.16,18.62,18.88,27.07,19.17,2.92,40.05
sz,="300452",山河药辅,化学原料药,26.01,11.96,12.74,15.73,21.56,57.04,6.08,24.94
sz,="200028",一致B,,26,11.91,15.06,14.94,16.41,10.93,1.28,55.57
sz,="000028",国药一致,药品流通,26,11.91,15.06,14.94,16.41,22.32,2.64,55.57
sz,="002727",一心堂,药品流通,25.99,16.02,14.96,16.1,18.93,39.23,6.02,48.31
sh,="603383",顶点软件,资本市场服务,25.98,13.86,16.14,27.97,25.05,58.81,5.5,18.8
sh,="603730",岱美股份,汽车零配件与设备,25.95,26.81,33.02,29.34,25.54,22.31,4.06,18.81
sh,="603798",康普顿,化学制品,25.91,14.85,17.76,28.17,26.01,23.8,3.14,18.33
sz,="002859",洁美科技,电子元器件,25.86,17.38,28.42,22.8,20.34,47.85,6.86,13.85
sh,="603909",合诚股份,商业用品与服务,25.83,10.33,13.2,19.34,21.55,65.04,5.65,13.81
sh,="603079",圣达生物,化学制剂,25.81,12.93,12.98,23.55,14.45,43.76,4.06,22.04
sz,="000423",东阿阿胶,中药,25.8,22.46,24.1,24.78,24.81,19.65,3.91,20.24
sh,="603933",睿能科技,半导体,25.78,20.91,27.24,17.74,20.78,29.61,3.93,29.34
sz,="002773",康弘药业,中药,25.74,20.34,18.41,19.34,18.51,57.84,10.28,22.74
sh,="603808",歌力思,服装与配饰,25.71,15.82,12.29,13.07,21.12,21.28,4.23,33.23
sz,="300718",长盛轴承,通用机械,25.7,19.78,17.4,21.29,23.74,38.56,4.2,7.71
sz,="002728",特一药业,化学制剂,25.67,11.4,11.21,10.53,15.71,36.02,12.2,45.94
sz,="002777",久远银海,互联网软件与服务,25.65,18.81,17.62,25.74,22.69,68.39,6.14,55.47
sh,="603388",元成股份,建筑与工程,25.64,13.92,13.78,14.64,18.59,34.29,4.67,52.5
sh,="600885",宏发股份,电气部件与设备,25.6,17.91,18.13,16.64,18.02,30.85,4.97,30.99
sz,="002717",岭南股份,建筑与工程,25.58,17.51,12.87,19.87,17.74,25.09,4.37,65.88
sh,="600996",贵广网络,传媒,25.53,10.96,23.82,28.12,31,22.62,2.22,50.11
sz,="300501",海顺新材,容器与包装,25.47,11.24,12.74,23.99,26.27,40.34,3.77,10.73
sz,="002271",东方雨虹,建筑材料,25.36,21.91,23.17,19.61,25.32,27.42,4.97,48.23
sh,="603569",长久物流,物流,25.33,19.79,28.49,35.65,36.06,24.46,4.19,48.13
sz,="002888",惠威科技,家用电器,25.29,10.28,15.67,16.52,22.22,82.44,5.83,10.49
sz,="300606",金太阳,纸类与林业产品,25.27,13.22,18.07,17.2,18.41,42.86,4.76,15.07
sz,="002883",中设股份,商业用品与服务,25.26,18.39,30.14,23.64,38.96,56.31,6.96,12.27
sh,="603886",元祖股份,食品,25.24,18.19,26.8,28.48,22.31,22.66,3.2,38.1
sz,="300536",农尚环境,建筑与工程,25.22,10.21,15.19,19.5,21.5,41.73,4.19,46.15
sh,="603882",金域医学,医疗保健提供商与服务,25.22,14.52,16.75,23.28,12.24,95.28,8.09,47.48
sz,="300394",天孚通信,通信设备,25.2,14.39,17.04,17.4,31.08,37.09,4.71,8.88
sz,="002038",双鹭药业,生物科技,25.16,13.03,12.06,17.04,24.38,70.02,6.47,6.23
sz,="000963",华东医药,药品流通,25.15,23.02,22.19,42.98,30.34,35.76,7.39,44.9
sz,="002801",微光股份,电气部件与设备,25.15,13.61,17.21,22.17,23.4,41.04,3.97,14.36
sz,="002897",意华股份,电子元器件,25.09,13.68,20.22,19.63,18.25,47.87,3.59,25.98
sh,="603738",泰晶科技,电子设备及服务,25.05,11.46,17.26,20.52,22.79,55.18,5.42,44.79
sh,="603183",建研院,建筑与工程,25.04,15.68,18.17,18.12,20.74,56.88,4.92,23.25
sz,="300658",延江股份,纺织品,25,17.08,43,41,35,37.68,3.17,26.68
sh,="603978",深圳新星,有色金属,25,11.63,22.27,16.83,24.4,59.43,4.45,17.6
sh,="601997",贵阳银行,银行,24.91,19.76,21.67,26.37,26.44,8.1,1.41,94.48
sz,="000333",美的集团,家用电器,24.87,25.88,26.88,29.06,29.49,21.79,7.59,66.58
sh,="603306",华懋科技,汽车零配件与设备,24.8,17.52,22.33,17.47,21.06,19.97,2.52,10.98
sz,="002116",中国海诚,建筑与工程,24.73,16.2,11.91,23.13,25.12,34.06,2.65,66.47
sz,="002911",佛燃股份,燃气公用事业,24.72,21.01,21.42,26.24,24.57,36.95,5.96,45.05
sz,="300547",川环科技,汽车零配件与设备,24.62,17.53,21.29,24.56,23.73,31.13,4.8,23.83
sz,="300575",中旗股份,农用化工,24.59,12.28,15.36,22.16,22.89,27.74,2.75,41.43
sz,="300396",迪瑞医疗,医疗保健设备与用品,24.46,14.44,12.01,11.36,18.28,45.85,7.91,23.59
sh,="603038",华立股份,化学制品,24.42,10.32,20.62,16.66,20.48,35.47,2.63,17.93
sh,="603536",惠发食品,食品,24.32,11.52,10.81,11.87,18.96,42.74,3.42,36.64
sz,="300727",润禾材料,化学原料,24.31,17,17.18,19.45,23.06,78.26,8.16,23.89
sh,="600694",大商股份,百货商店,24.2,12.05,10.53,10.66,21.62,12.06,1.41,56.59
sz,="300716",国立科技,化学制品,24.12,12.24,14.89,16.67,19.47,46.33,3.65,23.78
sz,="002849",威星智能,电气部件与设备,24.11,10.85,20.6,16.45,24.12,43.34,4.03,37.44
sz,="002706",良信电器,电气部件与设备,24.09,13.16,12.02,14.9,13.79,30.52,3.35,16.94
sz,="300017",网宿科技,互联网软件与服务,23.96,10.91,21.52,40.96,35.3,44.36,4.23,22.31
sz,="300640",德艺文创,耐用家居用品,23.95,16.75,41.58,34.12,34.45,82.78,7.31,16.54
sz,="300477",合纵科技,重型电气设备,23.9,10.9,11.13,15.32,19.4,61.61,5.69,51.28
sh,="600153",建发股份,工业贸易经销商,23.83,14.83,14.08,14.54,16.2,12.2,1.31,75.05
sz,="002918",蒙娜丽莎,非金属材料与制品,23.79,32,34.51,27.64,23.35,23.19,2.94,37.32
sz,="000858",五粮液,饮料,23.71,19.38,15.01,14.93,15.42,30.62,5.03,22.91
sh,="603161",科华控股,汽车零配件与设备,23.7,17.5,19.51,21.58,27.45,33.6,2.67,68.68
sz,="002775",文科园林,建筑与工程,23.69,18.25,11.7,11.8,18.12,22.02,2.27,43.98
sh,="603208",江山欧派,纸类与林业产品,23.69,15.89,27.61,29.8,23.59,29.42,2.71,37.51
sz,="000062",深圳华强,电子设备及服务,23.67,10.17,11.24,14.34,22.56,34.9,5.86,47.76
sz,="300530",达志科技,化学制品,23.64,11.24,14.26,16.18,19.17,63.02,4.33,8.74
sh,="603889",新澳股份,纺织品,23.58,12.82,14.3,13.1,23.28,25.31,2.27,16.2
sz,="300726",宏达电子,电子元器件,23.58,21.73,28.11,18.5,32.19,67.28,9.27,5.36
sz,="300722",新余国科,航天航空,23.55,19.46,17.52,21.47,23.42,89.74,8.58,31.32
sz,="002732",燕塘乳业,食品,23.49,13.44,13.06,12.8,20.21,34.53,3.94,27.61
sz,="300488",恒锋工具,通用机械,23.31,11.81,11.75,14.62,22.2,34.32,4.08,16.17
sz,="000786",北新建材,建筑材料,23.28,20.66,13.75,11.95,21.24,15.23,3.19,22.44
sz,="002262",恩华药业,化学制剂,23.26,17.38,15.88,18.13,23.77,47.41,7.05,25.45
sh,="600016",民生银行,银行,23.23,14.03,15.13,16.98,20.41,5.66,0.76,93.4
sz,="300395",菲利华,非金属材料与制品,23.18,14.27,14.23,12.38,16.45,38.44,5.6,22.04
sz,="300376",易事特,电气部件与设备,23.15,17.86,20.31,23.11,17.38,23.85,3.69,59.11
sh,="600887",伊利股份,食品,23.15,25.22,26.58,23.87,23.66,28.17,5.88,48.8
sh,="603568",伟明环保,商业用品与服务,23.14,24.24,18.23,21.48,25.53,32.26,6.88,41.18
sh,="600036",招商银行,银行,23.12,16.54,16.27,17.09,19.28,10.6,1.7,92.32
sh,="603007",花王股份,建筑与工程,23.08,18.78,12.86,18.41,18.28,27.37,6.1,59.13
sh,="603298",杭叉集团,专用设备,23.07,14.25,19.95,19.9,25.33,20.87,2.38,26.25
sh,="603110",东方材料,化学原料,23.06,15.05,21.01,25.78,26.04,53.21,4.11,14.76
sh,="603855",华荣股份,电气部件与设备,23.03,11.06,14.92,18.09,22.82,27.47,2.36,40.79
sz,="002913",奥士康,电子元器件,23.01,18.52,27.37,30.66,32.16,41.04,3.07,33.12
sh,="600048",保利地产,住宅地产开发和管理,22.95,16.32,15.53,18.63,21.65,10.06,1.49,77.28
sh,="603178",圣龙股份,汽车零配件与设备,22.94,13.52,21.5,22.51,27.67,33.97,3.1,58.87
sz,="002915",中欣氟材,化学原料,22.88,15.64,12.67,19.77,17.08,93.77,8.21,33.79
sh,="603165",荣晟环保,纸类与林业产品,22.83,43.74,36.08,24.49,21.8,14.8,4.61,22.4
sz,="300523",辰安科技,互联网软件与服务,22.8,10.95,15.22,27.59,15.3,83.58,10.08,29.83
sh,="600066",宇通客车,汽车,22.8,22.15,31.24,30.19,25.54,16.25,3.06,56.85
sh,="603180",金牌厨柜,耐用家居用品,22.77,27.78,39.53,26.33,27.9,66.94,10.77,45.68
sz,="002241",歌尔股份,电子元器件,22.75,16.58,16.3,14.08,23.29,20.82,2.44,43.86
sz,="300572",安车检测,电子设备及服务,22.75,14.99,16.61,18.15,18.89,75.8,10.18,49.1
sh,="603660",苏州科达,家用电器,22.7,21.46,23.98,21.34,11.05,35.67,6.81,28.69
sh,="603877",太平鸟,服装与配饰,22.62,14.78,23.29,34.63,36.86,34.33,3.92,46.54
sz,="002884",凌霄泵业,通用机械,22.59,22.79,25.66,21.18,22.93,25.15,3.38,7.89
sh,="603348",文灿股份,汽车零配件与设备,22.52,14.66,16.59,23.12,20.76,36.42,4.72,51.83
sh,="603986",兆易创新,半导体,22.51,26.27,21.18,31.92,25.78,106.58,20.19,31.74
sz,="300592",华凯创意,商业用品与服务,22.5,10.46,12.82,13.47,18.72,40.61,3.62,52.7
sz,="300445",康斯特,电子设备及服务,22.46,12.36,11.32,14.27,21.77,47.45,5.22,13.96
sz,="002867",周大生,服装与配饰,22.42,21.6,28.09,26.49,27.54,26.21,4.4,22.81
sh,="601166",兴业银行,银行,22.39,15.35,17.28,18.89,21.21,6.14,0.82,93.41
sh,="603339",四方科技,通用机械,22.37,11.81,11.83,19.11,24.69,26,2.87,19.1
sz,="002768",国恩股份,化学制品,22.33,22.23,17.04,13.95,21.68,30.58,3.84,51.05
sz,="300715",凯伦股份,建筑材料,22.31,22.24,30.32,31.12,34.45,102.32,12.19,42.64
sz,="300584",海辰药业,化学制剂,22.3,13.72,17.77,18.53,18.69,73.58,9.98,18.13
sz,="002860",星帅尔,电气部件与设备,22.24,17.26,24.34,23.38,28,31.06,4.42,18.19
sz,="300532",今天国际,信息技术服务,22.22,12.44,10.98,17.73,24.19,55.01,6.65,39.67
sh,="603589",口子窖,饮料,22.21,24,19.81,20.55,20.07,23.68,5.12,33.76
sz,="002909",集泰股份,化学制品,22.14,16.69,16.41,22.64,18.79,61.67,4.68,41.2
sz,="300546",雄帝科技,电子设备及服务,22.11,12.77,16.39,21.19,20.85,55.58,5.22,32.56
sh,="603611",诺力股份,通用机械,22.08,10.44,15.84,13.34,18.41,31.88,3.29,45.28
sh,="603883",老百姓,药品流通,22.03,18.1,14.06,13.65,22.91,61.04,16.46,53.71
sz,="000915",山大华特,化学制剂,21.97,17.5,16.62,14.75,25.05,22.13,3.59,20.05
sh,="600081",东风科技,汽车零配件与设备,21.97,11.6,10.47,14.74,22.11,24.08,2.58,66.95
sz,="002818",富森美,房地产租赁,21.96,16.25,20.42,21.8,19.39,18.99,2.78,20.19
sz,="002152",广电运通,电脑与外围设备,21.95,10.29,11.82,20.98,21.24,41.2,2.31,25.27
sh,="601398",工商银行,银行,21.92,14.35,15.24,17.1,19.96,7.53,1.05,91.79
sh,="600436",片仔癀,中药,21.92,21.16,16.2,15.43,16.79,64.44,12.82,21.65
sz,="300497",富祥股份,化学原料药,21.76,21.13,25.94,29.65,20.84,29.43,5.23,45.98
sz,="300595",欧普康视,医疗保健设备与用品,21.73,21.4,38.56,40.04,38.63,60.83,10.35,11.95
sh,="600919",江苏银行,银行,21.69,13.72,14.47,15.72,16.76,6.84,0.88,93.63
sh,="603239",浙江仙通,汽车零配件与设备,21.6,18.36,41.65,31.09,22.1,27.6,3.74,17.49
sz,="300608",思特奇,信息技术服务,21.57,11.13,16.13,15.81,20.1,41.72,4.51,32.22
sz,="000002",万科A,住宅地产开发和管理,21.54,22.8,19.68,19.14,19.17,11.43,2.31,83.98
sh,="600000",浦发银行,银行,21.53,14.45,16.35,18.82,21.02,6.4,0.9,92.98
sh,="603919",金徽酒,饮料,21.5,14.58,16.28,24.09,21.19,22.76,2.97,21.67
sh,="601818",光大银行,银行,21.48,12.75,13.8,15.5,17.36,6.75,0.79,92.53
sz,="000065",北方国际,建筑与工程,21.47,14.6,16.79,14.41,20.89,15.82,2.02,64.02
sh,="603027",千禾味业,食品,21.42,15.21,13.11,15.32,13.9,44.46,5.27,11.13
sh,="600763",通策医疗,医疗保健提供商与服务,21.4,23.39,18.17,26.52,19.17,62.21,14.23,38.74
sz,="300039",上海凯宝,中药,21.39,11.79,13.48,14.25,20.61,25.79,2.76,11.73
sh,="603037",凯众股份,汽车零配件与设备,21.37,16.05,22.28,18.15,19.2,24.37,3.35,13.82
sh,="600201",生物股份,生物科技,21.35,21.35,24.92,26.07,28,26.43,5.17,21.21
sh,="603359",东珠生态,建筑与工程,21.34,15.4,16.42,17.54,18.65,33.33,3.4,37.4
sh,="600803",新奥股份,可替代能源,21.33,12.86,11.65,17.82,18.98,19.41,1.9,72.62
sh,="603578",三星新材,非金属材料与制品,21.33,12.82,20.29,17.87,17.73,47.39,4.85,17.57
sz,="002244",滨江集团,住宅地产开发和管理,21.3,12.64,12.21,12.02,10.91,13.72,1.33,72.84
sh,="600886",国投电力,电力公用事业,21.3,10.91,14.17,21.84,26.91,14.38,1.53,70.85
sh,="601939",建设银行,银行,21.23,14.8,15.44,17.27,19.74,7.64,1.07,91.88
sz,="300599",雄塑科技,化学制品,21.22,11.56,15.7,17.34,21.21,24.65,2.86,25.61
sh,="600276",恒瑞医药,化学制剂,21.22,23.28,23.24,24.37,21.28,73.9,14.42,11.62
sh,="603396",金辰股份,专用设备,21.2,14.98,16.98,24.56,13.06,36.11,3.33,42.37
sh,="603058",永吉股份,商业用品与服务,21.14,11.46,16.71,17.87,20.71,67.83,7.22,9.71
sh,="603585",苏利股份,农用化工,21.13,15.71,27.11,24.95,18.37,19.36,2.79,7.72
sz,="300609",汇纳科技,信息技术服务,21.13,13.98,20.87,19.79,20.95,61.59,7.19,13.73
sh,="600511",国药股份,药品流通,21.12,16.06,16.7,18.91,24.44,19.26,2.63,53.11
sh,="601838",成都银行,银行,21.08,16.83,12.24,14.69,21.32,9.44,1.34,94.24
sh,="603938",三孚股份,化学原料,21.04,19.05,15.15,17.84,24.13,34.74,4.87,7.05
sh,="600743",华远地产,住宅地产开发和管理,21.03,11.65,13.73,17.73,18.25,10.59,1.03,77.46
sz,="300725",药石科技,化学原料药,21.01,22.84,21.18,17.85,28.22,109.75,15.3,11.24
sz,="300428",四通新材,有色金属,20.97,15.77,11.38,11.71,21.98,69.6,7.18,20.41
sz,="002815",崇达技术,电子元器件,20.9,20.26,27.48,32.12,37.5,31.94,5.9,48.92
sh,="601288",农业银行,银行,20.89,14.57,15.14,16.79,19.57,6.42,0.92,93.21
sz,="000999",华润三九,化学制剂,20.86,14.06,14.78,17.33,15.93,22.47,4.02,37.48
sh,="603885",吉祥航空,航空运输,20.84,16.3,21.33,36.11,23.71,22.16,3.03,56.6
sh,="603131",上海沪工,通用机械,20.82,10.79,14.47,15.42,18.1,77.86,5.52,26.96
sz,="002711",*ST欧浦,物流,20.79,13.17,15.48,11.5,10.93,48.97,7.85,50.65
sh,="603701",德宏股份,汽车零配件与设备,20.68,14.15,15.02,20.99,21.5,28.5,3.35,30.28
sh,="601127",小康股份,汽车,20.64,17.65,15.93,15.67,14.91,24.69,3.86,75.44
sz,="300623",捷捷微电,半导体,20.61,14.29,25.88,20.58,22.37,49.43,5.51,10.33
sz,="002035",华帝股份,耐用家居用品,20.6,26.1,20.22,13.9,20.95,30.07,7.24,46.28
sh,="603668",天马科技,农牧渔产品,20.58,12.01,19.13,18.36,18.99,35.58,3.59,50.27
sz,="002508",老板电器,家用电器,20.57,31.66,33.38,29.1,25.55,21.84,5.68,33.67
sz,="300602",飞荣达,电子元器件,20.56,12.13,23.2,25.38,27.18,53.48,6.06,33.22
sh,="603198",迎驾贡酒,饮料,20.55,16.9,17.84,16.42,20.7,18.53,2.82,29.95
sz,="300723",一品红,化学制剂,20.53,33.84,51.92,41.85,20.42,41.92,5.74,25.2
sh,="601229",上海银行,银行,20.51,12.63,14.35,15.67,18.44,7.78,0.93,91.84
sh,="603089",正裕工业,汽车零配件与设备,20.48,10.9,24.21,20.07,19.66,61.89,3.41,32.44
sz,="002920",德赛西威,电子设备及服务,20.48,41.37,55.63,49.99,29.07,32.73,4.71,40.29
sz,="000625",长安汽车,汽车,20.44,15.65,26.81,33.14,34.2,11.46,1.02,55.28
sz,="300427",红相股份,电气部件与设备,20.44,11.19,12.49,13.67,18.82,28.01,5.75,36.72
sz,="200625",长安B,,20.44,15.65,26.81,33.14,34.2,6.52,0.58,55.28
sz,="002142",宁波银行,银行,20.41,19.02,17.74,17.68,19.45,9.82,1.82,94.46
sz,="300509",新美星,专用设备,20.39,10.04,12.26,17.22,18.38,51.53,4.15,51.5
sz,="300729",乐歌股份,耐用家居用品,20.23,16.07,20.09,22.82,14.11,51.63,3.79,37.34
sh,="603127",昭衍新药,生物科技,20.19,20.57,22.1,26.82,34.91,104.47,12.36,40.72
sz,="000069",华侨城A,酒店餐饮与休闲,20.16,18.05,16.84,15.35,18.4,8.28,1.18,69.89
sh,="603712",七一二,通信设备,20.16,12.48,11.2,13.24,15.86,136.47,12.95,54.19
sh,="603345",安井食品,食品,20.15,13.28,19.37,16.82,20.56,36.27,3.85,47.91
sz,="300639",凯普生物,生物科技,20.14,11.83,16.88,17.22,27.87,58.57,5.11,9.23
sz,="002285",世联行,其他房地产服务,20.13,21.85,19.47,17.67,21.13,20.56,3.64,61.94
sz,="002793",东音股份,电气部件与设备,20.11,16.17,17.86,26.13,22.56,26.61,3.83,16.1
sz,="002275",桂林三金,中药,20.1,18.43,16.33,16.36,20.09,20.14,3.28,17.82
sh,="603496",恒为科技,通信设备,20.1,16.3,25.37,26.27,24.58,51,5.28,14.62
sz,="002802",洪汇新材,化学原料,20.07,12.49,12.57,17.54,14.01,49.05,4.38,7.36
sh,="600926",杭州银行,银行,20.02,11.34,11.83,12.84,15.67,8.79,0.96,93.78
sh,="603912",佳力图,通用机械,20.02,23.36,24.2,23.59,18.23,52.38,6.28,30.69
sh,="603006",联明股份,汽车零配件与设备,19.99,12.96,16.7,14.02,14.7,23.59,2.95,33.73
sz,="002868",绿康生化,化学制剂,19.83,15.77,35.16,35.25,17.62,36.97,3.56,8.01
sh,="603811",诚意药业,化学制剂,19.81,13.62,26.42,23.82,24.17,39.59,4.3,10.91
sz,="002701",奥瑞金,容器与包装,19.79,13.04,24.55,25.51,22.57,19.73,2.3,59.17
sz,="002896",中大力德,通用机械,19.7,16.21,18.73,12.43,16.64,56.93,6.1,31.94
sh,="600697",欧亚集团,百货商店,19.66,10.68,16.32,18.71,20.31,13.05,1.58,76.36
sz,="300638",广和通,电信增值服务,19.64,14.56,32.51,33.7,46.73,78.08,9.01,40.03
sz,="300124",汇川技术,电气部件与设备,19.59,20.98,21.49,21.91,20.55,56.89,10.11,36.71
sh,="603356",华菱精工,专用设备,19.54,18.9,23.73,22.71,29.46,61.38,4.96,36.94
sz,="002929",润建股份,通信技术服务,19.45,22.46,26.88,28.58,28.24,45.09,4.34,50.16
sh,="603680",今创集团,专用设备,19.41,33.26,30.8,46.94,30.15,28.27,4.71,63.82
sh,="600197",伊力特,饮料,19.4,17.44,14.9,16.2,17.02,23.14,3.64,27.13
sh,="603365",水星家纺,纺织品,19.39,24.21,24.36,20.36,20.58,23.81,2.91,22.66
sh,="603579",荣泰健康,休闲设备与用品,19.37,18.85,55.46,59.36,38.93,42.08,6.82,36.76
sh,="603360",百傲化学,化学制品,19.36,14.94,23.98,17.28,21.83,29.11,3.74,11.92
sz,="300070",碧水源,商业用品与服务,19.35,14.99,12.8,16.35,17.26,24.89,3.33,56.44
sz,="300717",华信新材,化学制品,19.33,14.33,17.12,19.27,17.37,65.84,4.77,10.25
sh,="603506",南都物业,住宅地产开发和管理,19.33,29.58,38.93,20.53,34.35,43.14,5.81,64.89
sz,="300600",瑞特股份,重型电气设备,19.31,12.99,21.82,29.51,24.46,49.82,4.58,16.47
sh,="600015",华夏银行,银行,19.3,13.54,15.75,17.18,19.31,5.66,0.75,93.24
sz,="300690",双一科技,非金属材料与制品,19.3,19.45,30.97,36.56,28.7,32.27,3.58,11.81
sz,="002450",*ST康得,化学制品,19.26,14.77,17.32,25.55,23.45,28.38,3.9,47.38
sz,="002871",伟隆股份,通用机械,19.17,13.88,17.83,15.18,21.08,49.53,4.21,17.01
sh,="600850",华东电脑,信息技术服务,19.15,14.6,15.78,22.39,18.69,33.19,4.64,60.62
sh,="603617",君禾股份,通用机械,19.15,16.85,26.27,19.96,20.04,48.69,4.75,36.46
sz,="002858",力盛赛车,酒店餐饮与休闲,19.11,11.73,15.78,13.49,17.34,80.21,6.15,12.32
sz,="002327",富安娜,纺织品,19.09,17.05,15.73,16.33,19.06,18.23,2.66,21.71
sz,="002876",三利谱,电子元器件,19.08,11.87,17.59,23.75,25.99,80.71,4.88,47.71
sh,="600104",上汽集团,汽车,19.07,16.87,17.53,17.91,18.97,11.33,1.66,62.39
sh,="600271",航天信息,电子设备及服务,19.07,16.16,17.97,22.04,18.04,31.7,4.77,37
sz,="300525",博思软件,计算机软件,19.03,12.13,12.08,17.54,17.77,72.68,8.34,36.99
sz,="000887",中鼎股份,汽车零配件与设备,19.01,16.11,16.75,21.69,22,19.94,4.02,49.4
sh,="603726",朗迪集团,通用机械,18.98,14.52,10.61,14.85,19.48,25.1,3.02,36.11
sh,="603663",三祥新材,非金属材料与制品,18.92,12.17,12.3,14.64,14.62,42.17,5.32,18.48
sz,="002763",汇洁股份,服装与配饰,18.88,13.26,11.76,15.02,20.03,21.66,2.54,17.73
sz,="002440",闰土股份,化学制品,18.83,14.07,10.76,12.6,24.75,17.09,2.26,19.44
sh,="600563",法拉电子,电子元器件,18.74,19.56,19.51,17.87,18.28,25.27,4.31,12.9
sz,="300705",九典制药,化学制剂,18.7,16.14,17.93,19.23,19.43,87.06,8.68,14.16
sh,="601668",中国建筑,建筑与工程,18.6,15.82,15.87,16,17.7,7.91,1.29,77.97
sh,="603096",新经典,传媒,18.59,19.33,25.17,26.12,24.56,52.46,7.17,12.63
sz,="002890",弘宇股份,专用设备,18.56,10.45,13.36,24.45,13.42,89.48,4.42,16.44
sh,="600572",康恩贝,中药,18.56,15.88,10.43,12.02,21.42,25.8,3.74,37.97
sz,="002032",苏泊尔,耐用家居用品,18.54,26.87,22.79,21.9,19.63,31.45,7.15,43.32
sz,="000811",冰轮环境,通用机械,18.51,12.51,13.55,14.86,13.34,32.14,2.13,48.69
sh,="601998",中信银行,银行,18.48,11.67,12.58,14.55,16.84,7.26,0.84,92.74
sh,="600897",厦门空港,交通基本设施,18.47,12.16,12.62,12.73,16.89,14.44,1.68,18.1
sz,="002223",鱼跃医疗,医疗保健设备与用品,18.38,11.37,14.32,18.85,18.24,37.1,4.21,15.96
sh,="601888",中国国旅,酒店餐饮与休闲,18.21,19.12,15.26,14.15,15.37,45.51,7.56,28.29
sz,="002191",劲嘉股份,商业用品与服务,18.2,11.63,13.3,19.02,18.15,21.94,2.2,17.64
sh,="600741",华域汽车,汽车零配件与设备,18.19,16.51,16.84,18.89,20.76,11.09,1.7,59.53
sz,="300678",中科信息,信息技术服务,18.16,10.23,12.2,14.19,15.93,186.21,11.28,23.85
sz,="300476",胜宏科技,电子元器件,18.15,14.67,17.4,13.81,18.46,42.45,4.88,34.07
sz,="002085",万丰奥威,汽车零配件与设备,18.14,15.96,20.53,23.99,23.71,25.44,3.32,34.98
sz,="300447",全信股份,电气部件与设备,18.09,12.88,15.02,15.9,18.62,39.15,4.79,14.29
sz,="300664",鹏鹞环保,商业用品与服务,18.07,10.38,14.04,10.61,14.39,46.65,3.33,41.41
sh,="601169",北京银行,银行,18.05,13.77,14.92,16.26,17.98,7.53,0.88,92.42
sh,="600585",海螺水泥,建筑材料,18.05,19.12,11.59,11.03,18.47,10.46,1.92,24.71
sh,="601988",中国银行,银行,18.04,12.24,12.58,14.53,17.28,6.61,0.81,91.9
sh,="603086",先达股份,农用化工,18.02,11.82,14.48,16.75,24.47,26.13,2.4,18.62
sz,="000726",鲁泰A,纺织品,17.9,11.87,11.71,10.66,15.39,12.62,1.31,23.55
sz,="200726",鲁泰B,,17.9,11.87,11.71,10.66,15.39,8.51,0.87,23.55
sz,="300493",润欣科技,半导体,17.82,11.26,10.68,14.46,15.59,76.48,8.65,53.91
sh,="600486",扬农化工,农用化工,17.81,15.71,13.44,15.52,18.21,24.53,3.85,42.79
sh,="601366",利群股份,百货商店,17.79,10.18,14.03,14.55,15.91,21.32,1.79,41.98
sh,="603200",上海洗霸,商业用品与服务,17.72,10.18,17.34,14.54,19.73,57.47,3.94,10.26
sz,="300585",奥联电子,汽车零配件与设备,17.7,13.55,23.41,21.91,25.77,52.55,5.8,28.87
sh,="603035",常熟汽饰,汽车零配件与设备,17.67,10.52,16.99,18.5,18.16,16.69,1.72,28.95
sh,="600908",无锡银行,银行,17.65,11.04,11.52,12.3,15.83,12.36,1.36,93.18
sz,="300416",苏试试验,电子设备及服务,17.64,12.06,11.63,11.71,16.18,54.29,6.18,42.82
sz,="300711",广哈通信,通信设备,17.64,17.6,23.03,24.13,24.38,87.5,6.33,12.36
sh,="601009",南京银行,银行,17.56,16.94,16.25,17.59,19,7.08,1.17,94.02
sh,="603928",兴业股份,化学制品,17.56,12.48,18.39,22.1,19.71,20.3,2.47,20.02
sz,="300696",爱乐达,航天航空,17.54,17.09,26.5,26.93,22.94,65.86,6.33,8.8
sh,="600835",上海机电,重型电气设备,17.49,14.56,16.76,22.76,14.34,16.37,2.03,62.92
sh,="900925",机电B股,,17.49,14.56,16.76,22.76,14.34,10.43,1.27,62.92
sz,="000596",古井贡酒,饮料,17.47,19.09,15.88,15.91,15.05,33.22,5.74,32.62
sz,="200596",古井贡B,,17.47,19.09,15.88,15.91,15.05,18.63,3.11,32.62
sz,="000501",鄂武商A,百货商店,17.46,18.7,18.52,20.73,20.45,9.91,1.62,60.17
sz,="002838",道恩股份,化学制品,17.43,11.73,18.39,16.56,15.31,67,6.68,14.95
sh,="601128",常熟银行,银行,17.39,12.52,11.91,12.79,15.3,11.53,1.39,92.38
sz,="002902",铭普光磁,电子元器件,17.36,11.77,18.34,19.56,19.23,63.97,4.25,37.78
sz,="200869",张裕B,,17.3,12.14,12.55,14.4,15.11,11.52,1.19,26.79
sz,="000869",张裕A,饮料,17.3,12.14,12.55,14.4,15.11,27.41,2.79,26.79
sh,="600438",通威股份,农牧渔产品,17.28,16.07,14.38,13.8,14.29,22.73,3.52,46.36
sz,="300671",富满电子,半导体,17.26,15.3,15.42,12.85,13.56,76.69,9.05,28.21
sz,="300617",安靠智电,电气部件与设备,17.21,10.66,20.38,22.15,21.18,48.21,3.46,20.09
sz,="300654",世纪天鸿,传媒,17.19,10.44,13.48,17.05,12.3,82.77,6.61,33.21
sz,="002372",伟星新材,建筑产品,17.09,28.19,26.15,21.46,19.12,28.36,6.85,23.52
sh,="600557",康缘药业,中药,17.09,11.29,12.55,13.65,15.87,22.17,2.33,33.38
sh,="600388",龙净环保,商业用品与服务,16.98,16.92,17.4,16.75,15.67,22.83,3.32,68.71
sh,="600167",联美控股,复合型公用事业,16.94,17.84,32.74,16.39,17.14,23.56,2.93,35.71
sz,="002864",盘龙药业,中药,16.86,11.98,12.83,15.97,17.49,116.09,8.96,26.21
sz,="300422",博世科,商业用品与服务,16.85,13.78,11.84,13.11,16.35,37.14,5.36,67
sz,="002007",华兰生物,生物科技,16.85,18.48,19.85,16.72,16.66,36.97,5.45,7.23
sz,="300182",捷成股份,传媒,16.83,11.32,12.59,18.9,15.49,23.14,5.56,35.15
sh,="603728",鸣志电器,电气部件与设备,16.67,12.93,22.46,16.52,18.16,41.13,4.37,22.08
sz,="300450",先导智能,专用设备,16.63,34.16,35.56,27.34,25.03,45.32,14.83,58.17
sh,="600518",ST康美,中药,16.63,14.02,14.88,18.54,17.74,27.77,3.92,53.24
sz,="002293",罗莱生活,纺织品,16.6,14.79,12.05,16.63,17.56,25.42,3.04,31.29
sh,="603331",百达精工,通用机械,16.58,12.17,16.96,12.67,16.55,37.3,3.18,33.98
sz,="000001",平安银行,银行,16.57,11.62,13.18,14.94,16.35,7.93,0.95,93.16
sh,="603535",嘉诚国际,物流,16.57,12.27,15.31,12.31,13.7,34.8,2.58,18.48
sh,="603305",旭升股份,汽车零配件与设备,16.56,28.05,48.92,31.98,18.6,66.87,11.74,19.71
sh,="601318",中国平安,保险,16.4,20.72,17.36,17.12,18.3,12.12,2.31,90.95
sz,="002242",九阳股份,家用电器,16.38,18.4,21.36,19.72,17.79,21.01,3.52,33.05
sh,="603871",嘉友国际,物流,16.33,43.82,41.55,39.36,24.35,27.05,3.98,35.72
sh,="603519",立霸股份,化学制品,16.32,11.9,10.86,11.09,15.49,38.64,4.41,23.6
sh,="601368",绿城水务,水公用事业,16.26,11.95,10.81,11.59,16.53,16.66,1.83,62.26
sh,="601020",华钰矿业,有色金属,16.24,18.26,15.35,16.06,23.81,29.35,4.72,36.51
sh,="603766",隆鑫通用,汽车,16.22,15.89,15.47,17.37,16.06,16.2,2.19,36.49
sh,="600352",浙江龙盛,化学制品,16.19,15.24,13.76,20.09,24.97,16.94,2.05,59.17
sh,="603329",上海雅仕,物流,16.17,19.81,18.4,23.5,22.41,55.55,5.55,30.94
sz,="300713",英可瑞,电气部件与设备,16.14,24.21,50.68,53.38,28.71,48.76,5.29,21.78
sh,="600703",三安光电,光电子器件,16.09,17.13,12.95,14.21,13.88,29.6,3.84,21.65
sh,="600056",中国医药,药品流通,16.07,17.7,15.97,11.91,11.07,19.16,3.06,58.07
sh,="601139",深圳燃气,燃气公用事业,16.06,11,10.42,10.15,13.85,19.39,1.96,53.19
sh,="603311",金海环境,专用设备,16.04,11.64,11.39,11.32,18.92,40.45,3.75,20.25
sh,="601900",南方传媒,传媒,16.02,14.68,12.8,17.74,17.58,19.1,1.87,45.77
sh,="601000",唐山港,交通基本设施,15.92,10.33,12.16,13.44,16.8,13.05,1.37,28.02
sz,="002879",长缆科技,电气部件与设备,15.84,11.92,17.42,19.46,18.36,36.23,2.96,17.25
sh,="600901",江苏租赁,消费金融,15.77,17.46,16.45,16.89,15.7,28.11,2.76,87.42
sz,="002287",奇正藏药,中药,15.75,16.78,17.47,17.01,16.31,47.17,6.83,17.54
sz,="300244",迪安诊断,医疗保健提供商与服务,15.74,15.97,13.63,21.31,19.57,57.77,17.68,60.12
sh,="601231",环旭电子,电子设备及服务,15.72,16.34,11.27,10.57,16.72,22.26,2.8,50.28
sh,="600332",白云山,中药,15.71,11.34,12.75,15.91,16.38,24.41,2.9,31.97
sz,="300580",贝斯特,汽车零配件与设备,15.7,12.04,18.06,16.97,15.94,30.38,2.8,16.78
sh,="603638",艾迪精密,专用设备,15.69,18.1,17.13,12.09,11.92,45.57,8.05,14.1
sz,="000876",新希望,农牧渔产品,15.68,10.81,12.19,11.98,13.68,13.45,1.54,38.2
sz,="300695",兆丰股份,汽车零配件与设备,15.64,25.39,46.35,28.06,24.6,25.45,2.86,17.79
sh,="603319",湘油泵,汽车零配件与设备,15.63,17.1,14.01,11.29,14.45,24.34,3.13,37.5
sz,="300267",尔康制药,化学原料药,15.56,10.14,17.41,29.02,19.84,34.09,2.32,5.39
sz,="002008",大族激光,电子设备及服务,15.53,27.6,15.05,16.99,18.47,29.73,7.15,48.35
sz,="002668",奥马电器,家用电器,15.51,11.66,16.17,16.46,14.17,36.05,4.46,66.75
sh,="601328",交通银行,银行,15.49,11.4,12.22,13.46,14.87,6.6,0.75,92.52
sz,="300622",博士眼镜,专营零售,15.49,13.4,16.53,15.3,14.97,41.79,4.15,13.5
sz,="002475",立讯精密,电子元器件,15.48,14.09,16.09,21.02,20.3,46.42,5.19,48.21
sh,="600329",中新药业,中药,15.45,11.05,10.38,13.54,13.85,28.35,2.6,30.15
sh,="600633",浙数文化,互联网软件与服务,15.44,23.17,13.78,15.16,14.08,78.92,3.46,12.35
sz,="002705",新宝股份,家用电器,15.44,11.92,17.2,12.51,10.35,21.99,2.09,43.77
sz,="002917",金奥博,化学制品,15.44,22.19,32.97,43.75,25.13,58.18,5.39,14.56
sh,="603716",塞力斯,医疗保健提供商与服务,15.42,10.57,12.59,14.29,15.23,51.59,5.47,36.04
sz,="200030",富奥B,,15.41,15.22,13.73,11.19,15.55,7.68,0.98,38.98
sz,="000030",富奥股份,汽车零配件与设备,15.41,15.22,13.73,11.19,15.55,11.97,1.55,38.98
sh,="603900",莱绅通灵,服装与配饰,15.37,14.35,18.57,17.59,19.57,27.04,3.42,19.24
sz,="000513",丽珠集团,化学制剂,15.34,51.17,15.48,15.51,14.66,43.74,3.46,29.34
sz,="300438",鹏辉能源,电气部件与设备,15.28,14.73,15.64,12.61,13.91,28.47,3.15,45.15
sh,="600705",中航资本,投资信托,15.14,12.33,10.77,15.2,16.94,17.4,1.97,88.04
sz,="002572",索菲亚,耐用家居用品,15.14,21.98,22.55,21.85,18.2,32.96,7.19,30.39
sz,="002919",名臣健康,个人用品,15.14,16.09,18.04,21.52,19.32,67.64,5.27,21.5
sz,="200152",山航B,,15.08,12.19,14.88,17.22,10.33,10.15,1.04,68.14
sz,="002889",东方嘉盛,物流,14.97,11.85,12.49,12.13,15.01,34.37,2.78,80.92
sz,="300610",晨化股份,化学原料,14.95,12.97,15.38,14.85,14.8,30.69,2.99,16.05
sh,="600085",同仁堂,中药,14.91,12.55,12.51,13.33,14.49,48.69,5.81,29.61
sz,="000989",九芝堂,中药,14.9,16.69,16.56,30.1,15.76,27.2,3.99,23.22
sh,="600674",川投能源,电力公用事业,14.86,15.34,18.16,22.66,27.64,10.97,1.76,21.09
sh,="603328",依顿电子,电子元器件,14.85,11.65,13,11.25,11.44,22.97,2.48,16.65
sh,="603289",泰瑞机器,专用设备,14.81,15.11,17.28,14.4,20.53,43,3.94,30.54
sz,="002595",豪迈科技,专用设备,14.8,18.44,22.2,23.57,20.89,19.56,2.95,15.22
sz,="300009",安科生物,生物科技,14.73,19.02,15.51,17.14,15.88,74.84,16.76,21.9
sz,="300072",三聚环保,化学原料,14.68,33.7,29.73,29.28,23.88,21.35,5.72,58.64
sz,="300286",安科瑞,电气部件与设备,14.68,15.09,14.29,12.7,15.63,26.52,3.41,23.84
sz,="000411",英特集团,药品流通,14.67,10.42,12.12,10.72,11.38,66.14,7.23,79.03
sz,="300596",利安隆,化学原料,14.61,16.01,19.72,19.48,14.24,29.27,4.17,38.2
sh,="601858",中国科传,传媒,14.58,12.37,13.83,14.03,14.34,23.02,2.3,27.64
sz,="300632",光莆股份,光电子器件,14.55,11.78,16.32,13.83,10.96,56.48,4.44,25.26
sh,="600377",宁沪高速,交通基本设施,14.49,16.06,16.06,12.45,13.21,12.97,1.97,39.12
sz,="002561",徐家汇,百货商店,14.43,11.34,12.07,13.39,14.46,20.52,2.01,18.09
sz,="002690",美亚光电,专用设备,14.35,17.38,15.78,17.56,15.63,40.84,5.87,19.91
sh,="603019",中科曙光,电脑与外围设备,14.33,10.24,10.59,14.09,13.92,152.21,10.18,65.95
sz,="000997",新大陆,计算机软件,14.31,20.61,18.77,17.11,15.69,31.99,4.44,42.21
sz,="002840",华统股份,食品,14.31,10.78,12.03,10.74,13.81,107.44,7.58,21.86
sz,="300643",万通智控,汽车零配件与设备,14.3,10.39,19.58,21.5,33.7,100.55,5.5,13.73
sz,="002507",涪陵榨菜,食品,14.26,23.76,17.56,12.85,12.12,39.55,8.78,22.4
sz,="002882",金龙羽,电气部件与设备,14.21,17.76,16.27,14.68,12.51,25.57,3.74,17.3
sz,="300197",铁汉生态,建筑与工程,14.17,13.57,11.34,11.91,12.86,22.88,2.94,68.68
sh,="600240",*ST华业,住宅地产开发和管理,14.12,15.98,23.77,20.86,11.38,9.82,1.98,67.39
sh,="601669",中国电建,建筑与工程,14.1,10.66,12.3,10.8,13.49,13.65,1.33,79.38
sz,="300231",银信科技,信息技术服务,14.05,18.41,21.39,19.78,15.37,37.45,3.49,46.89
sz,="002905",金逸影视,传媒,14.03,19.15,25.51,45.16,34.09,30.12,3.12,37.79
sz,="300015",爱尔眼科,医疗保健提供商与服务,14.02,21.74,21.84,19.66,16.91,89.56,22.22,41.24
sz,="300342",天银机电,家用电器,14,14.93,15.62,13.4,11.94,35.15,5.28,22.71
sz,="300527",中国应急,专用设备,13.98,10.17,14.86,15.55,14.2,68.22,6.3,37.02
sh,="600502",安徽建工,建筑与工程,13.98,12.45,11.14,11.69,13.92,13.72,1.4,86.08
sz,="300115",长盈精密,电子元器件,13.97,13.69,18.76,15.62,15.85,39.13,3.4,53.84
sz,="300504",天邑股份,通信设备,13.97,31.36,30.45,33.2,14.07,53.33,7.17,56.9
sh,="603968",醋化股份,化学制品,13.93,12.53,12.8,12.34,19.84,27.4,2.84,26.37
sz,="002681",奋达科技,家用电器,13.91,11.81,14.2,13.53,14.04,30.06,4.67,29.83
sh,="601801",皖新传媒,传媒,13.88,12.48,17.22,14.22,14.19,30.99,1.98,22.13
sh,="603987",康德莱,医疗保健设备与用品,13.84,10.05,14.2,14.09,11.69,37.7,3.28,16.3
sh,="600452",涪陵电力,电力公用事业,13.84,22.32,22.23,30.85,15.38,23.38,4.47,72.46
sh,="603136",天目湖,酒店餐饮与休闲,13.84,19.02,24.57,22.21,27.29,34.89,3.78,26.14
sh,="603103",横店影视,传媒,13.81,26.18,43.78,70.9,54.43,40.37,6.62,35.23
sz,="300588",熙菱信息,计算机软件,13.78,23.65,22.11,17.85,18.25,48.41,8.46,62.75
sh,="600993",马应龙,中药,13.77,15.41,13.47,13.25,13.49,30.55,3.54,17.54
sh,="601186",中国铁建,建筑与工程,13.59,12.16,11.55,12.41,13.24,9.11,0.99,78.26
sz,="300626",华瑞股份,通用机械,13.51,13.62,15.54,10.11,11.75,43.53,5.06,47.24
sz,="300145",中金环境,通用机械,13.41,13.65,13.42,16.33,14.58,20.29,6.9,52.21
sz,="300733",西菱动力,汽车零配件与设备,13.39,17.76,19.76,15.11,14.88,40.19,3.29,43.25
sz,="002108",沧州明珠,化学制品,13.37,18.58,24.1,12.68,13.45,17.69,2.52,16.04
sz,="002424",贵州百灵,中药,13.36,16.79,17.6,16.74,14.18,36.59,5.29,28.11
sz,="300003",乐普医疗,医疗保健设备与用品,13.36,15.17,14.7,15.62,14.21,71.3,16.38,45.06
sh,="603278",大业股份,黑色金属,13.36,19.02,27.86,17.89,12.91,30.84,2.65,51.61
sz,="000046",泛海控股,住宅地产开发和管理,13.31,15.14,18.17,20.97,14.44,31.05,2.41,85.36
sz,="300271",华宇软件,信息技术服务,13.31,16.33,16.37,16,14.26,39.71,7.34,26.52
sh,="601800",中国交建,建筑与工程,13.29,12.95,11.73,11.88,13.36,14.36,1.38,75.78
sz,="002907",华森制药,化学制剂,13.23,20.67,23.14,22.44,22.37,151.83,19.29,18.66
sz,="002091",江苏国泰,工业贸易经销商,13.22,11.81,19.17,14.73,14.21,20.14,1.54,51.85
sh,="600183",生益科技,电子元器件,13.17,20.12,15.65,12.31,12.1,19.2,3.15,50.02
sz,="300630",普利制药,化学制剂,13.14,16.59,25.21,21.25,17.46,110.71,15.63,17.51
sz,="000587",金洲慈航,服装与配饰,13.11,11.41,12.83,12.16,11.42,14.72,2.58,72.53
sz,="002245",澳洋顺昌,物流,13.04,16.27,11.61,15.93,14.25,25,4.61,44.31
sz,="002664",长鹰信质,汽车零配件与设备,13.01,14.12,14.53,14.33,14.94,40.16,6.51,41.31
sz,="000546",金圆股份,建筑材料,12.87,13.8,15.2,15.06,13.08,26.52,3.39,51.61
sz,="002686",亿利达,通用机械,12.86,10.02,13.15,11.66,10.95,33.27,4.86,34.93
sh,="601985",中国核电,电力公用事业,12.86,10.69,11.5,12.7,11.61,22.99,2.33,74.4
sh,="601567",三星医疗,电气部件与设备,12.85,12.35,15.3,19.14,16,16.86,1.71,40.33
sh,="600525",长园集团,电气部件与设备,12.73,15.51,10.28,13.1,13.8,37.46,8.51,60
sz,="000559",万向钱潮,汽车零配件与设备,12.72,18.99,19.52,19.55,19.14,27.46,4.26,53.23
sh,="603367",辰欣药业,化学制剂,12.68,13.32,11.28,12.4,12,32.23,3.38,21.46
sz,="300284",苏交科,商业用品与服务,12.62,13.93,13.36,13.29,14.64,19.16,2.93,63.53
sh,="601098",中南传媒,传媒,12.6,11.69,14.98,15.64,15.06,15.98,1.7,29.19
sh,="600162",香江控股,商业地产开发和管理,12.57,11.59,13.3,12.05,14.97,13.51,1.37,56
sh,="600350",山东高速,交通基本设施,12.57,10.29,12.93,12.48,12.71,10.28,0.94,46.75
sz,="002014",永新股份,容器与包装,12.56,12.16,12.31,11.54,10.45,18.99,2.15,25.19
sh,="600012",皖通高速,交通基本设施,12.54,12.12,11.16,11.95,11.83,12.96,1.45,29.25
sz,="002821",凯莱英,化学制剂,12.49,17.93,24.11,18.62,14.61,63.45,9.07,18.28
sz,="002003",伟星股份,服装与配饰,12.46,15.99,14.52,13.76,13.59,18.62,2.98,17.86
sz,="300689",澄天伟业,电子元器件,12.46,13.79,17.52,13.24,14.32,54.42,4.6,11.21
sh,="600270",外运发展,,12.44,17.16,13.31,14.7,10.15,17.69,2.05,18.7
sz,="300706",阿石创,非金属材料与制品,12.41,15.48,19.5,24.85,21.93,163.87,13.93,25.59
sz,="002396",星网锐捷,通信设备,12.37,15.44,11.62,11.26,11.64,31.42,4.3,41.78
sh,="600373",中文传媒,传媒,12.33,12.49,12.51,11.54,13.32,14.64,1.92,39.49
sh,="600196",复星医药,化学制剂,12.3,13.02,14.25,14.21,13.38,40.9,5.69,52.01
sz,="002581",未名医药,化学制剂,12.28,14.27,18.21,20.71,10.95,24.05,3.91,26.98
sz,="300113",顺网科技,互联网软件与服务,12.24,18.87,24.94,23.61,16.69,27.09,6.73,19.78
sz,="002677",浙江美大,家用电器,12.2,25.73,18.5,15.32,14.62,45.18,12.42,21.92
sh,="600742",一汽富维,汽车零配件与设备,12.17,10.57,10.35,11.19,16.3,14.81,1.29,41.52
sz,="300355",蒙草生态,建筑与工程,12.16,26.29,14.15,10.29,12.81,18.01,4.6,68.55
sz,="000498",山东路桥,建筑与工程,12.14,15.4,13.21,13.27,12.69,11.92,1.55,76.94
sh,="600068",葛洲坝,建筑与工程,12.14,17.28,14.78,13.82,12.57,9.7,1.6,72.67
sz,="000581",威孚高科,汽车零配件与设备,12.12,18.52,13.53,13.32,15.05,9.46,1.48,24.12
sz,="200581",苏威孚B,,12.12,18.52,13.53,13.32,15.05,5.7,0.88,24.12
sz,="002916",深南电路,电子元器件,12.05,25.61,18.48,12.15,15.74,50.85,6.1,57.44
sh,="603226",菲林格尔,纸类与林业产品,12,15.21,22.02,27.05,21.81,29.86,3.18,25.61
sz,="002100",天康生物,农牧渔产品,11.94,14.66,15.82,10.9,11.74,18.2,2.1,47.98
sz,="002394",联发股份,纺织品,11.94,12.17,14.19,11,11.97,15.19,1.12,26.61
sz,="002658",雪迪龙,电子设备及服务,11.93,11.95,11.86,18.07,15.79,29.15,3.24,13.69
sh,="600900",长江电力,电力公用事业,11.92,16.91,16.88,13.58,14.47,16.18,2.72,54.74
sz,="300670",大烨智能,电气部件与设备,11.92,13.38,24.69,32.99,41.31,58.87,5.48,22.09
sh,="600004",白云机场,交通基本设施,11.91,12.24,13.53,14,13.38,19.5,2.04,32.95
sh,="601799",星宇股份,汽车零配件与设备,11.9,12.09,13.14,14.39,14.07,39.18,3.71,37.67
sz,="300258",精锻科技,汽车零配件与设备,11.87,16.09,13.9,11.36,11.13,24.06,3.48,30.28
sz,="002138",顺络电子,电子元器件,11.81,10.64,14.35,11.64,11.85,54.03,3.84,15.05
sz,="002317",众生药业,中药,11.69,11.87,16.2,15.13,12.81,28.33,3.67,23.18
sh,="600663",陆家嘴,商业地产开发和管理,11.69,22.19,12.13,15.66,14.68,19.14,4.31,75.11
sh,="900932",陆家B股,,11.69,22.19,12.13,15.66,14.68,9.72,2.14,75.11
sz,="300730",科创信息,计算机软件,11.58,21.25,23.13,25.87,12.43,103.48,10.51,36.09
sz,="300166",东方国信,信息技术服务,11.49,10.28,10.27,13.28,12.5,50.26,5.02,12.73
sz,="300296",利亚德,光电子器件,11.47,24.06,22.06,21.23,17.42,30.51,9.27,55.49
sz,="000828",东莞控股,交通基本设施,11.44,16.46,17.12,18.99,15.47,11.57,1.76,44.37
sz,="300170",汉得信息,信息技术服务,11.44,14.45,12.72,13.58,12.21,51.6,5.25,21.99
sz,="002117",东港股份,商业用品与服务,11.42,15.95,15.11,16.19,13.65,26.55,4.24,32.13
sz,="002563",森马服饰,服装与配饰,11.41,11.51,14.92,15.43,13.35,27.57,2.85,25.84
sh,="600009",上海机场,交通基本设施,11.36,15.53,13.17,13.05,11.77,24.53,3.67,7.5
sz,="002462",嘉事堂,药品流通,11.33,12.59,11.94,12.73,18.9,20.19,3.45,65.27
sz,="000650",仁和药业,中药,11.3,13.2,14.56,17.7,15.22,17.18,2.51,16.68
sz,="300168",万达信息,计算机软件,11.29,13.39,11.3,12.7,12.57,81.34,12.97,64.85
sz,="002025",航天电器,电子元器件,11.16,13.81,12.71,12.49,11.92,38.41,4.6,35.57
sz,="002311",海大集团,农牧渔产品,11.01,20.01,16.17,16.72,12.89,32.42,6.21,48.05
sh,="603466",风语筑,商业用品与服务,11,22.2,21.76,19.42,25.82,52.1,7.53,53.18
sh,="600115",东方航空,航空运输,10.97,12.64,10.85,14.73,13.06,19.62,2.21,75.15
sz,="200418",小天鹅B,,10.88,23.12,21.14,19.32,16.73,16.29,3.32,61.49
sz,="000418",小天鹅A,,10.88,23.12,21.14,19.32,16.73,25.88,5.34,61.49
sz,="300294",博雅生物,生物科技,10.83,15.8,13.74,16.23,12.77,41.67,5.22,32.3
sz,="002179",中航光电,电子元器件,10.76,18.41,19.57,18.21,12.54,40.6,6.15,45.88
sh,="600018",上港集团,交通基本设施,10.76,17.92,11.38,11.53,13.13,25.39,2.33,45.44
sz,="002050",三花智控,通用机械,10.75,19.12,17.24,15.2,14.64,28.58,4.11,35.82
sh,="603609",禾丰牧业,农牧渔产品,10.64,14.72,15.1,12.51,12.8,17.85,2.19,37.41
sh,="600643",爱建集团,投资信托,10.63,12.27,10.23,10.18,10.38,22.5,1.99,57.59
sz,="300673",佩蒂股份,食品,10.54,18.39,22.26,19.28,10.71,41.14,5.21,13.36
sh,="600114",东睦股份,通用机械,10.48,12.48,10.63,11.09,10.42,26.47,2.75,17.56
sz,="000031",大悦城,住宅地产开发和管理,10.48,15.44,11.61,12,10.68,12.58,1.81,84.5
sz,="000718",苏宁环球,住宅地产开发和管理,10.45,14.88,12.54,16.91,16.23,8.75,1.42,54.04
sh,="600872",中炬高新,食品,10.41,15.21,13.64,10.16,12.78,39.58,5.61,34.96
sh,="603179",新泉股份,汽车零配件与设备,10.37,22.52,21.14,11.39,11.41,21.64,4.02,57
sz,="002203",海亮股份,有色金属,10.34,13.57,13.61,12.52,14.78,17.19,2.89,63.86
sh,="600657",信达地产,住宅地产开发和管理,10.25,10.72,10.09,10.6,10.31,11.72,0.77,86.01
sz,="002543",万和电气,耐用家居用品,10.18,13.21,14.2,11.65,10.2,23.74,2.9,51.22
sh,="603721",中广天择,传媒,10.11,15.45,12.8,13.92,14.72,58.57,4.41,17.29
sh,="600804",鹏博士,电信增值服务,10.1,11.43,12.98,14.04,11.63,31.26,3.89,68.77

数据来源于：理杏仁网站(lixinger.com)